[{"count":12202,"shape":"light"},{"count":6082,"shape":"triangle"},{"count":5271,"shape":"circle"},{"count":4825,"shape":"disk"},{"count":4593,"shape":"other"},{"count":4490,"shape":"unknown"},{"count":3637,"shape":"sphere"},{"count":3452,"shape":"fireball"},{"count":2869,"shape":"oval"},{"count":1788,"shape":"formation"},{"count":1782,"shape":"cigar"},{"count":1546,"shape":"changing"},{"count":990,"shape":"flash"},{"count":982,"shape":"cylinder"},{"count":966,"shape":"rectangle"},{"count":915,"shape":"diamond"},{"count":760,"shape":"chevron"},{"count":664,"shape":"egg"},{"count":595,"shape":"teardrop"},{"count":265,"shape":"cone"},{"count":177,"shape":"cross"},{"count":8,"shape":"delta"},{"count":2,"shape":"round"},{"count":2,"shape":"crescent"}]