[{"count":2,"year":1920},{"count":52,"year":1952},{"count":188,"year":1984},{"count":35,"year":1953},{"count":206,"year":1985},{"count":1,"year":1762},{"count":1,"year":1922},{"count":53,"year":1954},{"count":198,"year":1986},{"count":38,"year":1955},{"count":219,"year":1987},{"count":1,"year":1860},{"count":42,"year":1956},{"count":225,"year":1988},{"count":1,"year":1925},{"count":74,"year":1957},{"count":249,"year":1989},{"count":45,"year":1958},{"count":256,"year":1990},{"count":51,"year":1959},{"count":235,"year":1991},{"count":1,"year":1864},{"count":1,"year":1896},{"count":67,"year":1960},{"count":259,"year":1992},{"count":1,"year":1865},{"count":1,"year":1897},{"count":1,"year":1929},{"count":44,"year":1961},{"count":328,"year":1993},{"count":2,"year":1930},{"count":60,"year":1962},{"count":422,"year":1994},{"count":1,"year":1899},{"count":2,"year":1931},{"count":79,"year":1963},{"count":1393,"year":1995},{"count":84,"year":1964},{"count":940,"year":1996},{"count":1,"year":1901},{"count":1,"year":1933},{"count":178,"year":1965},{"count":1337,"year":1997},{"count":1,"year":1934},{"count":186,"year":1966},{"count":1941,"year":1998},{"count":1,"year":1871},{"count":1,"year":1935},{"count":194,"year":1967},{"count":3066,"year":1999},{"count":3,"year":1936},{"count":209,"year":1968},{"count":3008,"year":2000},{"count":1,"year":1905},{"count":2,"year":1937},{"count":153,"year":1969},{"count":3435,"year":2001},{"count":1,"year":1906},{"count":142,"year":1970},{"count":3608,"year":2002},{"count":2,"year":1939},{"count":124,"year":1971},{"count":4336,"year":2003},{"count":172,"year":1972},{"count":4657,"year":2004},{"count":3,"year":1941},{"count":222,"year":1973},{"count":4405,"year":2005},{"count":3,"year":1910},{"count":5,"year":1942},{"count":267,"year":1974},{"count":4051,"year":2006},{"count":8,"year":1943},{"count":308,"year":1975},{"count":4603,"year":2007},{"count":1,"year":1400},{"count":1,"year":1880},{"count":12,"year":1944},{"count":273,"year":1976},{"count":5123,"year":2008},{"count":12,"year":1945},{"count":261,"year":1977},{"count":4767,"year":2009},{"count":1,"year":1914},{"count":11,"year":1946},{"count":338,"year":1978},{"count":2745,"year":2010},{"count":39,"year":1947},{"count":246,"year":1979},{"count":1,"year":1916},{"count":10,"year":1948},{"count":236,"year":1980},{"count":16,"year":1949},{"count":157,"year":1981},{"count":256,"year":2013},{"count":1,"year":1790},{"count":28,"year":1950},{"count":192,"year":1982},{"count":23,"year":1951},{"count":150,"year":1983}]